[{"url": "https://0ac0009404bbed0881ca0c3f009c0052.web-security-academy.net/?id=1", "method": "GET", "vulnerability": "Potential IDOR"}, {"url": "https://0ac0009404bbed0881ca0c3f009c0052.web-security-academy.net/?id=2", "method": "GET", "vulnerability": "Potential IDOR"}, {"url": "https://0ac0009404bbed0881ca0c3f009c0052.web-security-academy.net/?id=3", "method": "GET", "vulnerability": "Potential IDOR"}, {"url": "https://0ac0009404bbed0881ca0c3f009c0052.web-security-academy.net/?id=4", "method": "GET", "vulnerability": "Potential IDOR"}, {"url": "https://0ac0009404bbed0881ca0c3f009c0052.web-security-academy.net/?id=1", "method": "POST", "vulnerability": "No IDOR"}, {"url": "https://0ac0009404bbed0881ca0c3f009c0052.web-security-academy.net/?id=2", "method": "POST", "vulnerability": "No IDOR"}, {"url": "https://0ac0009404bbed0881ca0c3f009c0052.web-security-academy.net/?id=3", "method": "POST", "vulnerability": "No IDOR"}, {"url": "https://0ac0009404bbed0881ca0c3f009c0052.web-security-academy.net/?id=4", "method": "POST", "vulnerability": "No IDOR"}, {"url": "https://0ac0009404bbed0881ca0c3f009c0052.web-security-academy.net/?id=1", "method": "PUT", "vulnerability": "No IDOR"}, {"url": "https://0ac0009404bbed0881ca0c3f009c0052.web-security-academy.net/?id=2", "method": "PUT", "vulnerability": "No IDOR"}, {"url": "https://0ac0009404bbed0881ca0c3f009c0052.web-security-academy.net/?id=3", "method": "PUT", "vulnerability": "No IDOR"}, {"url": "https://0ac0009404bbed0881ca0c3f009c0052.web-security-academy.net/?id=4", "method": "PUT", "vulnerability": "No IDOR"}, {"url": "https://0ac0009404bbed0881ca0c3f009c0052.web-security-academy.net/?id=1", "method": "DELETE", "vulnerability": "No IDOR"}, {"url": "https://0ac0009404bbed0881ca0c3f009c0052.web-security-academy.net/?id=2", "method": "DELETE", "vulnerability": "No IDOR"}, {"url": "https://0ac0009404bbed0881ca0c3f009c0052.web-security-academy.net/?id=3", "method": "DELETE", "vulnerability": "No IDOR"}, {"url": "https://0ac0009404bbed0881ca0c3f009c0052.web-security-academy.net/?id=4", "method": "DELETE", "vulnerability": "No IDOR"}]